{
    "SEQ_LEN": 150,
    "STRIDE": 75,
    "JsonPath": "./",
    "Recorder": "json",
    "threshold": 0.5770934224128723,
    "d_model": 512,
    "num_layers": 5,
    "dropout": 0.3,
    "batch_size": 128,
    "lr": 0.0005,
    "tolerance": 0.02,
    "n_head": 8,
    "epoch": 100,
    "patience": 10,
    "weight_decay": 0.01,
    "dim_feedforward": 512,
    "weight_threshold": 1.1,
    "CLIP_BOUNDS": {
        "deltatime": {
            "min": 0.021884400004637428,
            "max": 0.09704720000445377
        },
        "dt_cv": {
            "min": 0.02256812304968933,
            "max": 1.815740874676741
        },
        "dist": {
            "min": 0.0,
            "max": 201.9925741209315
        },
        "speed": {
            "min": 0.0,
            "max": 8960.594698806712
        },
        "acc": {
            "min": -3164.342542833008,
            "max": 3404.535708101832
        },
        "jerk": {
            "min": -4725.25502704281,
            "max": 4340.376678202299
        },
        "micro_shaking": {
            "min": 2.4,
            "max": 159.3
        },
        "jerk_flip_rate": {
            "min": 0.3,
            "max": 1.0
        },
        "turn": {
            "min": -2.0391153215792315,
            "max": 1.5707963267948966
        },
        "ang_vel": {
            "min": -74.29663986278825,
            "max": 68.41656001821954
        },
        "ang_acc": {
            "min": -108.95210729201852,
            "max": 109.7453200279754
        },
        "straightness": {
            "min": 0.0,
            "max": 5.0
        },
        "efficiency_var": {
            "min": 0.020267439155358967,
            "max": 0.7181411496253735
        },
        "speed_var": {
            "min": 0.0,
            "max": 7369.288918166294
        },
        "acc_smoothness": {
            "min": 0.014793312218623022,
            "max": 2.385273355777895
        }
    }
}